{"train/loss": 0.0, "train/learning_rate": 0.0, "train/epoch": 0.07, "train/global_step": 500, "_timestamp": 1693992848.9444578, "_runtime": 1054.2765717506409, "_step": 0, "_wandb": {"runtime": 1053}}