{"train/loss": 0.0, "train/learning_rate": 0.0, "train/epoch": 0.07, "train/global_step": 500, "_timestamp": 1694053658.2303953, "_runtime": 750.3692893981934, "_step": 0, "_wandb": {"runtime": 749}}